Column1,Column2,Column3,Column4,Column5,Column6,Column7,Column8,Column9,Column10,Column11,Column12,Column13,Column14,Column15,Column16,Column17,Column18,Column19,Column20,Column21,Column22,Column23,Column24,Column25,Column26,Column27,Column28,Column29,Column30,Column31,Column32,Column33,Column34,Column35
Adria-Rovigo,External,None [Current],No,Yes,Adria,Rovigo,No,DWDM-100GHz,No*,None,None,No,Yes,No,SSMF,26.34,7.00,0.26*,439.1*,1.45*,3,0.5,0.5,SSMF,26.34,6.50,0.26*,439*,1.45*,3.00,0.50,0.50,MNE135,,
Agordo-ILA_Selva_Gardena,External,None [Current],No,Yes,Agordo,ILA_Selva_Gardena,No,DWDM-100GHz,No*,None,None,No,Yes,Yes,SSMF,64,22.00,0.40*,1066.9*,3.52*,3,0.5,0.5,SSMF*,64.00*,22.00*,0.40*,1066.9*,3.52*,3.00*,0.50*,0.50*,3VE139_MNE0331,,
Ala-S_Michele,External,None [Current],No,Yes,Ala,S_Michele,No,DWDM-100GHz,No*,None,None,No,Yes,No,ELEAF*,68.06,17.36,0.41*,263.4*,5.72*,3,0.5,0.5,ELEAF*,68.07,18.15,0.41*,263*,5.72*,3.00,0.50,0.50,MNER04_NE221,,
Albignasego-Bassanello,External,None [Current],No,Yes,Albignasego,Bassanello,No,DWDM-100GHz,No*,None,None,No,Yes,Yes,SSMF,5.7,1.43*,0.12*,95.0*,0.31*,3,0.5,0.5,SSMF*,5.70*,1.43*,0.12*,95.0*,0.31*,3.00*,0.50*,0.50*,MNE0119,,
Albignasego-Padova_New,External,None [Current],No,Yes,Albignasego,Padova_Stanga,No,DWDM-100GHz,No*,None,None,No,Yes,Yes,SSMF,13.2,7.30,0.18*,220.0*,0.73*,3,0.5,0.5,SSMF*,13.20*,7.30*,0.18*,220.0*,0.73*,3.00*,0.50*,0.50*,MNE120_2dB_extra_margin_Cesarin_3ve314,,
Arcella_Padova,External,None [Current],No,Yes,Arcella,Padova,No,DWDM-100GHz,No*,None,None,No,Yes,Yes,SSMF,3.26,1.50,0.09*,54.3*,0.18*,3,0.5,0.5,SSMF*,3.26*,1.50*,0.09*,54.3*,0.18*,3.00*,0.50*,0.50*,MNE117,,
Arcella-Limena,External,None [Current],No,Yes,Arcella,Limena,No,DWDM-100GHz,No*,None,None,No,Yes,No,SSMF,7.68,1.40,0.14*,128.0*,0.42*,3,0.45,0.45,SSMF,7.68,1.68,0.14*,128*,0.42*,3.00,0.50,0.50,3VE212_MNE112,,
Arzignano-Montebello,External,None [Current],No,Yes,Arzignano,Montebello,No,DWDM-100GHz,No*,None,None,No,Yes,No,SSMF,12.8,3.17,0.18*,213.4*,0.70*,3,0.5,0.5,SSMF,12.80,2.65,0.18*,213*,0.70*,3.00,0.50,0.50,MNE156,,
Asolo-Montebelluna,External,None [Current],No,Yes,Asolo,Montebelluna,No,DWDM-100GHz,No*,None,None,No,Yes,Yes,SSMF,14,3.50*,0.19*,233.4*,0.77*,3,0.5,0.5,SSMF*,14.00*,3.50*,0.19*,233.4*,0.77*,3.00*,0.50*,0.50*,3VE235_NE0518_MNEA31,,
B_Valsugana-P_Valsugana,External,None [+] [Current],No,Yes,B_Valsugana,P_Valsugana,No,DWDM-100GHz,No*,None,None,No,Yes,Yes,ELEAF,23.9,6.98,0.24*,92.5*,2.01*,3,0.5,0.5,ELEAF*,23.90*,6.98*,0.24*,92.5*,2.01*,3.00*,0.50*,0.50*,3VE216_MNE701,,
Badia_Polesine-Lendinara,External,None [Current],No,Yes,Badia_Polesine,Lendinara,No,DWDM-100GHz,No*,None,None,No,Yes,Yes,SSMF,14,3.50*,0.19*,233.4*,0.77*,3,0.5,0.5,SSMF*,14.00*,3.50*,0.19*,233.4*,0.77*,3.00*,0.50*,0.50*,3VE198_MNE516,,
Badia_Polesine-Rovigo,External,None [Current],No,Yes,Badia_Polesine,Rovigo,No,DWDM-100GHz,No*,None,None,No,Yes,No,SSMF,30,6.80,0.27*,537.1,1.65*,3,0.5,0.5,SSMF,30.00,9.50,0.27*,537,1.65*,3.00,0.50,0.50,MNE131,,
Bardolino-Peschiera,External,None [Current],No,Yes,Bardolino,Peschiera,No,DWDM-100GHz,No*,None,None,No,Yes,Yes,SSMF,17.7,5.43,0.21*,295.1*,0.97*,3,0.5,0.5,SSMF*,17.70*,5.43*,0.21*,295.1*,0.97*,3.00*,0.50*,0.50*,MNE0187,,
Bassanello-Padova,External,None [Current],No,Yes,Bassanello,Padova,No,DWDM-100GHz,No*,None,None,No,Yes,Yes,SSMF,3.3,0.82*,0.09*,55.0*,0.18*,3,0.5,0.5,SSMF*,3.30*,0.82*,0.09*,55.0*,0.18*,3.00*,0.50*,0.50*,MNE0118,,
Bassano-B_Valsugana,External,None [+] [Current],No,Yes,Bassano,B_Valsugana,No,DWDM-100GHz,No*,None,None,No,Yes,Yes,ELEAF,55.9,14.98,0.37*,216.3*,4.70*,3,0.5,0.5,ELEAF*,55.90*,14.98*,0.37*,216.3*,4.70*,3.00*,0.50*,0.50*,3VE216_MNE700,,
Bassano-ILA_Castelfranco,External,None [Current],No,Yes,Bassano,ILA_Castelfranco,No,DWDM-100GHz,No*,None,None,No,Yes,Yes,SSMF,42,13.50,0.32*,700.1*,2.31*,3,0.5,0.5,SSMF*,42.00*,13.50*,0.32*,700.1*,2.31*,3.00*,0.50*,0.50*,MNER08_NE9977,,
Bassano-Padova_Stanga,External,None [Current],No,Yes,Bassano,Padova_Stanga,No,DWDM-100GHz,No*,None,None,No,Yes,Yes,SSMF,64.9,20.25,0.40*,1081.9*,3.57*,3,0.5,0.5,SSMF*,64.90*,20.25*,0.40*,1081.9*,3.57*,3.00*,0.50*,0.50*,MNE055,,
Bassano-Vicenza,External,None [Current],No,Yes,Bassano,Vicenza,No,DWDM-100GHz,No*,None,None,No,Yes,Yes,SSMF,58,15.50,0.38*,966.9*,3.19*,3,0.5,0.5,SSMF*,58.00*,15.50*,0.38*,966.9*,3.19*,3.00*,0.50*,0.50*,MNE223,,
Battaglia Terme-Albignasego,External,None [Current],No,Yes,Battaglia Terme,Albignasego,No,DWDM-100GHz,No*,None,None,No,Yes,Yes,SSMF,22,8.50,0.23*,366.7*,1.21*,3,0.5,0.5,SSMF*,22.00*,8.50*,0.23*,366.7*,1.21*,3.00*,0.50*,0.50*,3VE267_MNE502,,
Belluno-Pordenone,External,None [Current],No,Yes,Belluno,Pordenone,No,DWDM-100GHz,No*,None,None,No,Yes,Yes,ELEAF,82,21.50,0.45*,317.3*,6.89*,3,0.5,0.5,ELEAF*,82.00*,21.50*,0.45*,317.3*,6.89*,3.00*,0.50*,0.50*,MNEA21,,
Belluno-ROADM_Pieve_Cadore,External,None [+] [Current],No,Yes,Belluno,ROADM_Pieve_Cadore,No,DWDM-100GHz,No*,None,None,No,Yes,No,SSMF,45,14.25,0.34*,750.2*,2.48*,3,0.5,0.5,SSMF,45.00,13.25,0.34*,750*,2.48*,3.00,0.50,0.50,MNE226,,
Belluno-Vittorio_V,External,None [Current],No,Yes,Belluno,Vittorio_V,No,DWDM-100GHz,No*,None,None,No,Yes,Yes,ELEAF,42,11.50,0.32*,162.5*,3.53*,3,0.5,0.5,ELEAF*,42.00*,11.50*,0.32*,162.5*,3.53*,3.00*,0.50*,0.50*,3VE254_MNE0050,,
Bolzano_BG-Merano,External,None [Current],No,Yes,Bolzano_BG,Merano,No,DWDM-100GHz,No*,None,None,No,Yes,Yes,SSMF,29.2,7.30*,0.27*,486.8*,1.61*,3,0.5,0.5,SSMF*,29.20*,7.30*,0.27*,486.8*,1.61*,3.00*,0.50*,0.50*,MNE067,,
Bolzano_BG-Trento_Sud,External,None [Current],No,Yes,Bolzano_BG,Trento_Sud,No,DWDM-100GHz,No*,None,None,No,Yes,Yes,ELEAF,66,17.50,0.41*,255.4*,5.54*,3,0.5,0.5,ELEAF*,66.00*,17.50*,0.41*,255.4*,5.54*,3.00*,0.50*,0.50*,MNE002,,
BOLZANO-Bolzano_BG,External,None [Current],No,Yes,BOLZANO,Bolzano_BG,No,DWDM-100GHz,No*,None,None,No,Yes,Yes,SSMF,2.03,0.51*,0.07*,33.8*,0.11*,3,0.5,0.5,SSMF*,2.03*,0.51*,0.07*,33.8*,0.11*,3.00*,0.50*,0.50*,3VE040_MNE064,,
BOLZANO-Bolzano_Stazione,External,None [Current],No,Yes,BOLZANO,Bolzano_Stazione,No,DWDM-100GHz,No*,None,None,No,Yes,Yes,SSMF,2.6,0.65*,0.08*,43.3*,0.14*,3,0.5,0.5,SSMF*,2.60*,0.65*,0.08*,43.3*,0.14*,3.00*,0.50*,0.50*,3VE335_MNE0063,,
Borghetto_C-Pordenone,External,None [Current],No,Yes,Borghetto_C,Pordenone,No,DWDM-100GHz,No*,None,None,No,Yes,Yes,ELEAF*,31,7.75*,0.28*,120.0*,2.60*,3,0.5,0.5,ELEAF*,31.00*,7.75*,0.28*,120.0*,2.60*,3.00*,0.50*,0.50*,MNE134,,
Borghetto_C-Treviso,External,None [Current],No,Yes,Borghetto_C,Treviso,No,DWDM-100GHz,No*,None,None,No,Yes,No,ELEAF*,38.03,8.03,0.31*,147.2*,3.19*,3,0.5,0.5,ELEAF*,38.03,8.11,0.31*,147*,3.19*,3.00,0.50,0.50,MNE007,,
Bovolone-Isola_della_Scala,External,None [Current],No,Yes,Bovolone,Isola_della_Scala,No,DWDM-100GHz,No*,None,None,No,Yes,Yes,SSMF,11,3.00,0.17*,183.4*,0.60*,3,0.5,0.5,SSMF*,11.00*,3.00*,0.17*,183.4*,0.60*,3.00*,0.50*,0.50*,3VE350_MNE558,,
Bovolone-Villafranca,External,None [Current],No,Yes,Bovolone,Villafranca,No,DWDM-100GHz,No*,None,None,No,Yes,Yes,SSMF,31.8,8.00,0.28*,530.1*,1.75*,3,0.5,0.5,SSMF*,31.80*,8.00*,0.28*,530.1*,1.75*,3.00*,0.50*,0.50*,3VE058_MNEA24_(ex NE9172),,
Bressanone-Bolzano_BG,External,None [Current],No,Yes,Bressanone,Bolzano_BG,No,DWDM-100GHz,No*,None,None,No,Yes,Yes,SSMF,44,11.00*,0.33*,733.5*,2.42*,3,0.5,0.5,SSMF*,44.00*,11.00*,0.33*,733.5*,2.42*,3.00*,0.50*,0.50*,3VE136_NE9304_MNEA28,,
Brunico-Bressanone,External,None [Current],No,Yes,Brunico,Bressanone,No,DWDM-100GHz,No*,None,None,No,Yes,Yes,SSMF,40,12.00,0.32*,666.8*,2.20*,3,0.5,0.5,SSMF*,40.00*,12.00*,0.32*,666.8*,2.20*,3.00*,0.50*,0.50*,3VE111(NE9303_MNE914),,
Brusegana-Padova,External,None [Current],No,Yes,Brusegana,Padova,No,DWDM-100GHz,No*,None,None,No,Yes,No,SSMF,5.39,1.19,0.12*,89.9*,0.30*,3,0.5,0.5,SSMF,5.39,1.99,0.12*,90*,0.30*,3.00,0.50,0.50,3VE186_MNE0116,,
Burano-Murano,External,None [Current],No,Yes,Burano,Murano,No,DWDM-100GHz,No*,None,None,No,Yes,Yes,SSMF,11,3.75,0.17*,183.4*,0.60*,5,0.5,0.5,SSMF*,11.00*,3.75*,0.17*,183.4*,0.60*,5.00*,0.50*,0.50*,MNE0021,,
Bussolengo-Domegliara,External,None [Current],No,Yes,Bussolengo,Domegliara,No,DWDM-100GHz,No*,None,None,No,Yes,Yes,SSMF,15,4.75,0.19*,250.1*,0.82*,3,0.5,0.5,SSMF*,15.00*,4.75*,0.19*,250.1*,0.82*,3.00*,0.50*,0.50*,MNE559,,
Ca_di_David-Bovolone,External,None [Current],No,Yes,Ca_di_David,Bovolone,No,DWDM-100GHz,No*,None,None,No,Yes,Yes,SSMF,27.8,8.00,0.26*,463.4*,1.53*,3,0.5,0.5,SSMF*,27.80*,8.00*,0.26*,463.4*,1.53*,3.00*,0.50*,0.50*,3VE058_MNE172,,
Camin-Ponte_di_Brenta,External,None [Current],No,Yes,Camin,Ponte_di_Brenta,No,DWDM-100GHz,No*,None,None,No,Yes,No,SSMF,3.8,1.50,0.10*,63.3*,0.21*,3,0.5,0.5,SSMF,3.80,1.07,0.10*,63*,0.21*,3.00,0.50,0.50,3VE123_MNE124,,
Campo_di_Marte-Brusegana,External,None [Current],No,Yes,Campo_di_Marte,Brusegana,No,DWDM-100GHz,No*,None,None,No,Yes,No,SSMF,5.22,1.30*,0.11*,87.0*,0.29*,3,0.5,0.5,SSMF,5.22,1.30*,0.11*,87*,0.29*,3.00,0.50,0.50,segmenti test NON CANCELLARE in validazione,,
Campo_di_Marte-Padova,External,None [Current],No,Yes,Campo_di_Marte,Padova,No,DWDM-100GHz,No*,None,None,No,Yes,No,SSMF,8.16,1.47,0.14*,136.0*,0.45*,3,0.38,0.38,SSMF,8.16,1.47,0.14*,136*,0.45*,3.00,0.01,0.01,MNE257,,
Camposampiero-Meianiga,External,None [Current],No,Yes,Camposampiero,Meianiga,No,DWDM-100GHz,No*,None,None,No,Yes,No,SSMF,19,4.19,0.22*,316.7*,1.04*,3,0.5,0.5,SSMF,19.00,4.95,0.22*,317*,1.04*,3.00,0.50,0.50,MNE110,,
Carita-Treviso_NO,External,None [Current],No,Yes,Carita,Treviso_NO,No,DWDM-100GHz,No*,None,None,No,Yes,Yes,SSMF,21,7.25,0.23*,350.1*,1.16*,3,0.5,0.5,SSMF*,21.00*,7.25*,0.23*,350.1*,1.16*,3.00*,0.50*,0.50*,MNE0045,,
Carpenedo-Favaro_Veneto,External,None [Current],No,Yes,Carpenedo,Favaro_Veneto,No,DWDM-100GHz,No*,None,None,No,Yes,Yes,SSMF,4,1.00*,0.10*,66.7*,0.22*,3,0.5,0.5,SSMF*,4.00*,1.00*,0.10*,66.7*,0.22*,3.00*,0.50*,0.50*,MNE089,,
Casarsa_Delizia-Pordenone,External,None [Current],No,Yes,Casarsa_Delizia,Pordenone,No,DWDM-100GHz,No*,None,None,No,Yes,Yes,ELEAF,19,4.75*,0.22*,73.5*,1.60*,3,0.5,0.5,ELEAF*,19.00*,4.75*,0.22*,73.5*,1.60*,3.00*,0.50*,0.50*,3VE290_NE9930_MNEA32,,
Castelfranco_V-Paese,External,None [Current],No,Yes,Castelfranco_V,Paese,No,DWDM-100GHz,No*,None,None,No,Yes,Yes,SSMF,27,9.75,0.26*,450.1*,1.49*,3,0.5,0.5,SSMF*,27.00*,9.75*,0.26*,450.1*,1.49*,3.00*,0.50*,0.50*,3VE284_MNE047,,
Cattane-Olmo_Vicenza,External,None [Current],No,Yes,Cattane,Olmo_Vicenza,No,DWDM-100GHz,No*,None,None,No,Yes,Yes,SSMF,4.1,1.00,0.10*,68.3*,0.23*,3,0.5,0.5,SSMF*,4.10*,1.00*,0.10*,68.3*,0.23*,3.00*,0.50*,0.50*,MNE0153,,
Cavarzere-Adria,External,None [Current],No,Yes,Cavarzere,Adria,No,DWDM-100GHz,No*,None,None,No,Yes,No,SSMF,12.08,2.98,0.17*,201.4*,0.66*,3,0.5,0.5,SSMF,12.08,2.88,0.17*,201*,0.66*,3.00,0.50,0.50,MNE188,,
Cavazzale-Sandrigo,External,None [Current],No,Yes,Cavazzale,Sandrigo,No,DWDM-100GHz,No*,None,None,No,Yes,No,SSMF,12.56,2.40,0.18*,209.4*,0.69*,3,0.25,0.25,SSMF,12.30,2.80,0.18*,205*,0.68*,3.00,0.50,0.50,3VE189_MNE512,,
Cavazzale-Thiene,External,None [Current],No,Yes,Cavazzale,Thiene,No,DWDM-100GHz,No*,None,None,No,Yes,Yes,SSMF,21,6.25,0.23*,350.1*,1.16*,3,0.5,0.5,SSMF*,21.00*,6.25*,0.23*,350.1*,1.16*,3.00*,0.50*,0.50*,3VE081_MNE147,,
Cerea-Legnago,External,None [Current],No,Yes,Cerea,Legnago,No,DWDM-100GHz,No*,None,None,No,Yes,No,SSMF,9.36,1.70,0.15*,156.0*,0.51*,3,0.31,0.31,SSMF,9.36,1.70,0.15*,156*,0.51*,3.00,0.21,0.21,3VE249_MNE606,,
Cervignano-PALMANOVA_FOADM,External,None [Current],No,Yes,Cervignano,PALMANOVA_FOADM,No,DWDM-100GHz,No*,None,None,No,Yes,No,SSMF,11.54,2.78,0.17*,192.4*,0.63*,3,0.5,0.5,SSMF,11.54,3.33,0.17*,192*,0.63*,3.00,0.50,0.50,NE034,,
Cervignano-Udine_Baldasseria,External,None [Current],No,Yes,Cervignano,Udine_Baldasseria,No,DWDM-100GHz,No*,None,None,No,No,No,SSMF,38.36,9.91,0.31*,639.5*,2.11*,3,0.5,0.5,SSMF,38.36,11.33,0.31*,639*,2.11*,3.00,0.50,0.50,NE0020,,
Chiavris-Tricesimo,External,None [Current],No,Yes,Chiavris,Tricesimo,No,DWDM-100GHz,No*,None,None,No,Yes,Yes,SSMF,13,3.35,0.18*,216.7*,0.71*,3,0.5,0.5,SSMF*,13.00*,3.35*,0.18*,216.7*,0.71*,3.00*,0.50*,0.50*,NE9939_MNEA19,,
Cittadella-Camposampiero,External,None [Current],No,Yes,Cittadella,Camposampiero,No,DWDM-100GHz,No*,None,None,No,Yes,No,SSMF,20,6.00,0.22*,333.4*,1.10*,3,0.5,0.5,SSMF,20.00,6.36,0.22*,333*,1.10*,3.00,0.50,0.50,MNE109,,
Cittadella-Castelfranco_V,External,None [Current],No,Yes,Cittadella,Castelfranco_V,No,DWDM-100GHz,No*,None,None,No,Yes,Yes,SSMF,23,5.75*,0.24*,383.4*,1.26*,3,0.5,0.5,SSMF*,23.00*,5.75*,0.24*,383.4*,1.26*,3.00*,0.50*,0.50*,MNE0108,,
Cittadella-Vicenza_Bgo_Padova,External,None [Current],No,Yes,Cittadella,Vicenza_Bgo_Padova,No,DWDM-100GHz,No*,None,None,No,Yes,No,SSMF,30.5,9.46,0.28*,508.4*,1.68*,3,0.5,0.5,SSMF,30.50,9.35,0.28*,508*,1.68*,3.00,0.50,0.50,MNE181,,
Cles-Madonna_di_Campiglio,External,None [Current],No,Yes,Cles,Madonna_di_Campiglio,No,DWDM-100GHz,No*,None,None,No,Yes,Yes,SSMF,36.6,12.15,0.30*,610.1*,2.01*,3,0.5,0.5,SSMF*,36.60*,12.15*,0.30*,610.1*,2.01*,3.00*,0.50*,0.50*,3VE413_MNE679,,
Cles-TRENTO_NORD,External,None [Current],No,Yes,Cles,TRENTO_NORD,No,DWDM-100GHz,No*,None,None,No,Yes,No,SSMF,44.17,11.70,0.33*,736.3*,2.43*,3,0.5,0.5,SSMF,44.17,13.38,0.33*,736*,2.43*,3.00,0.50,0.50,MNE076,,
Codroipo_B-Flaibano,External,None [Current],No,Yes,Codroipo_B,Flaibano,No,DWDM-100GHz,No*,None,None,No,Yes,Yes,SSMF,15,3.75*,0.19*,250.1*,0.82*,3,0.5,0.5,SSMF*,15.00*,3.75*,0.19*,250.1*,0.82*,3.00*,0.50*,0.50*,MNE0800,,
Codroipo_B-S_Vito_Tagliamento,External,None [Current],No,Yes,Codroipo_B,S_Vito_Tagliamento,No,DWDM-100GHz,No*,None,None,No,Yes,Yes,SSMF,21,6.25,0.23*,350.1*,1.16*,3,0.5,0.5,SSMF*,21.00*,6.25*,0.23*,350.1*,1.16*,3.00*,0.50*,0.50*,3VE283_NE9929_MNEA17,,
Codroipo_B-Udine_v_Venezia,External,None [Current],No,Yes,Codroipo_B,Udine_v_Venezia,No,DWDM-100GHz,No*,None,None,No,Yes,Yes,ELEAF,28,8.00,0.26*,108.4*,2.35*,3,0.5,0.5,ELEAF*,28.00*,8.00*,0.26*,108.4*,2.35*,3.00*,0.50*,0.50*,MNE028,,
Conegliano_Centro-GT_Treviso,External,None [Current],No,Yes,Conegliano_Centro,GT_Treviso,No,DWDM-100GHz,No*,None,None,No,Yes,Yes,ELEAF,54,14.50,0.37*,209.0*,4.54*,3,0.5,0.5,ELEAF*,54.00*,14.50*,0.37*,209.0*,4.54*,3.00*,0.50*,0.50*,MNE313,,
Conegliano-Borghetto_C,External,None [Current],No,Yes,Conegliano,Borghetto_C,No,DWDM-100GHz,No*,None,None,No,Yes,Yes,ELEAF,5.74,1.05,0.12*,22.2*,0.48*,3,0.4,0.4,ELEAF*,5.74*,1.05*,0.12*,22.2*,0.48*,3.00*,0.40*,0.40*,3VE317_MNE0133,,
Conegliano-Conegliano_Centro,External,None [Current],No,Yes,Conegliano,Conegliano_Centro,No,DWDM-100GHz,No*,None,None,No,Yes,No,ELEAF,4,1.25,0.10*,15.5*,0.34*,3,0.5,0.5,ELEAF,4.00,2.15,0.10*,15*,0.34*,3.00,0.50,0.50,MNE056,,
Conselve-Monselice,External,None [Current],No,Yes,Conselve,Monselice,No,DWDM-100GHz,No*,None,None,No,Yes,Yes,SSMF,18,4.50*,0.21*,300.1*,0.99*,3,0.5,0.5,SSMF*,18.00*,4.50*,0.21*,300.1*,0.99*,3.00*,0.50*,0.50*,MNE506,,
Contarina-Sottomarina,External,None [Current],No,Yes,Contarina,Sottomarina,No,DWDM-100GHz,No*,None,None,No,Yes,Yes,SSMF,25,7.25,0.25*,416.8*,1.38*,3,0.5,0.5,SSMF*,25.00*,7.25*,0.25*,416.8*,1.38*,3.00*,0.50*,0.50*,NE9136_MNEA09,,
Cormons-Udine_Baldasseria,External,None [Current],No,Yes,Cormons,Udine_Baldasseria,No,DWDM-100GHz,No*,None,None,No,Yes,Yes,ELEAF,26,7.50,0.25*,100.6*,2.18*,3,0.5,0.5,ELEAF*,26.00*,7.50*,0.25*,100.6*,2.18*,3.00*,0.50*,0.50*,3VE245_MNE554,,
Cortina_d_Ampezzo_2-Brunico,External,None [+] [Current],No,Yes,Cortina_d_Ampezzo_2,Brunico,No,DWDM-100GHz,No*,None,None,No,Yes,Yes,SSMF,59.6,18.90,0.39*,993.5*,3.28*,3,0.5,0.5,SSMF*,59.60*,18.90*,0.39*,993.5*,3.28*,3.00*,0.50*,0.50*,MNE060,,
Dolo-Mira,External,None [Current],No,Yes,Dolo,Mira,No,DWDM-100GHz,No*,None,None,No,Yes,Yes,SSMF,6.9,1.73*,0.13*,115.0*,0.38*,3,0.5,0.5,SSMF*,6.90*,1.73*,0.13*,115.0*,0.38*,3.00*,0.50*,0.50*,MNE106,,
Domegliara-S_Pietro_Cariano,External,None [Current],No,Yes,Domegliara,S_Pietro_Cariano,No,DWDM-100GHz,No*,None,None,No,Yes,Yes,SSMF,7.1,1.77*,0.13*,118.4*,0.39*,3,0.5,0.5,SSMF*,7.10*,1.77*,0.13*,118.4*,0.39*,3.00*,0.50*,0.50*,MNE0560,,
Este_ROADM-Monselice,External,None [Current],No,Yes,Este_ROADM,Monselice,No,DWDM-100GHz,No*,None,None,No,Yes,No,SSMF,10,4.50,0.16*,166.7*,0.55*,3,0.5,0.5,SSMF,10.00,3.00,0.16*,167*,0.55*,3.00,0.50,0.50,MNE127,,
Este_ROADM-Padova,External,None [Current],No,Yes,Este_ROADM,Padova,No,DWDM-100GHz,No*,None,None,No,Yes,No,SSMF,49.51,18.55,0.35*,825.3*,2.72*,3,0.5,0.5,SSMF,49.51,16.03,0.35*,825*,2.72*,3.00,0.50,0.50,MNE258,,
Este_ROADM-Piove_di_Sacco,External,None [Current],No,Yes,Este_ROADM,Piove_di_Sacco,No,DWDM-100GHz,No*,None,None,No,Yes,No,SSMF,55.89,16.21,0.37*,931.7*,3.07*,3,0.5,0.5,SSMF,55.89,14.80,0.37*,932*,3.07*,3.00,0.50,0.50,3VE303_MNE204,,
Este_ROADM-Treponti,External,None [Current],No,Yes,Este_ROADM,Treponti,No,DWDM-100GHz,No*,None,None,No,Yes,No,SSMF,24.57,5.07,0.25*,409.6*,1.35*,3,0.5,0.5,SSMF,24.57,6.21,0.25*,410*,1.35*,3.00,0.50,0.50,3VE187_MNE508,,
Este-GT,External,None [Current],No,Yes,Este,GT,No,DWDM-100GHz,No*,None,None,No,Yes,Yes,SSMF,88,23.00,0.47*,1467.0*,4.84*,3,0.5,0.5,SSMF*,88.00*,23.00*,0.47*,1467.0*,4.84*,3.00*,0.50*,0.50*,NE004_MNER06,,
Favaro_Veneto-Venezia_CS_B,External,None [Current],No,Yes,Favaro_Veneto,Venezia_CS_B,No,DWDM-100GHz,No*,None,None,No,Yes,Yes,SSMF,16,5.00,0.20*,266.7*,0.88*,5,0.5,0.5,SSMF*,16.00*,5.00*,0.20*,266.7*,0.88*,5.00*,0.50*,0.50*,MNE090,,
Feltre_Nord-Bassano,External,None [+] [Current],No,Yes,Feltre_Nord,Bassano,No,DWDM-100GHz,No*,None,None,No,Yes,Yes,ELEAF,57,15.30,0.38*,220.6*,4.79*,3,0.5,0.5,ELEAF*,57.00*,15.30*,0.38*,220.6*,4.79*,3.00*,0.50*,0.50*,MNE053,,
Feltre_Nord-Belluno,External,None [+] [Current],No,Yes,Feltre_Nord,Belluno,No,DWDM-100GHz,No*,None,None,No,Yes,Yes,ELEAF,35,7.00,0.30*,135.5*,2.94*,3,0.5,0.5,ELEAF*,35.00*,7.00*,0.30*,135.5*,2.94*,3.00*,0.50*,0.50*,MNE052,,
Feltre_Nord-Fonzaso,External,None [Current],No,Yes,Feltre_Nord,Fonzaso,No,DWDM-100GHz,No*,None,None,No,Yes,Yes,ELEAF,13,3.25*,0.18*,50.3*,1.09*,3,0.5,0.5,ELEAF*,13.00*,3.25*,0.18*,50.3*,1.09*,3.00*,0.50*,0.50*,MNE901,,
Fiera_di_Primiero_Agordo,External,None [Current],No,Yes,Fiera_di_Primiero,Agordo,No,DWDM-100GHz,No*,None,None,No,Yes,No,SSMF,63.25,15.06,0.40*,1054.4*,3.48*,3,0.5,0.5,SSMF,63.25,15.29,0.40*,1054*,3.48*,3.00,0.50,0.50,MNE913,,
Fiera_di_Primiero-S_Mart_Castrozza,External,None [Current],No,Yes,Fiera_di_Primiero,S_Mart_Castrozza,No,DWDM-100GHz,No*,None,None,No,Yes,Yes,SSMF,13,3.25*,0.18*,216.7*,0.71*,3,0.5,0.5,SSMF*,13.00*,3.25*,0.18*,216.7*,0.71*,3.00*,0.50*,0.50*,XWNCL,,
Fonzaso-Lamon,External,None [Current],No,Yes,Fonzaso,Lamon,No,DWDM-100GHz,No*,None,None,No,Yes,Yes,ELEAF,8,2.00,0.10,133.4,0.44,3,0.5,0.5,ELEAF*,8.00*,2.00*,0.10*,133.4*,0.44*,3.00*,0.50*,0.50*,MNE901,,
Gemona-Tolmezzo,External,None [Current],No,Yes,Gemona,Tolmezzo,No,DWDM-100GHz,No*,None,None,No,Yes,No,SSMF,25.94,4.80,0.25*,432.4*,1.43*,3,0.34,0.34,SSMF,25.94,4.80,0.25*,432*,1.43*,3.00,0.50,0.50,MNE569,,
Gorizia-Udine_Baldasseria,External,None [Current],No,Yes,Gorizia,Udine_Baldasseria,No,DWDM-100GHz,No*,None,None,No,Yes,No,SSMF,42.33,9.28,0.33*,705.6*,2.33*,3,0.5,0.5,SSMF,42.33,10.25,0.33*,706*,2.33*,3.00,0.50,0.50,NE022,,
GT_Feltre-Belluno,External,None [Current],No,Yes,GT_Feltre,Belluno,No,DWDM-100GHz,No*,None,None,No,Yes,Yes,SSMF,33,8.00,0.29*,127.7,2.77,3,0.5,0.5,SSMF*,33.00*,8.00*,0.29*,127.7*,2.77*,3.00*,0.50*,0.50*,MNEA22_NE9998,,
GT_Treviso-Treviso_Centro,External,None [Current],No,Yes,GT_Treviso,Treviso_Centro,No,DWDM-100GHz,No*,None,None,No,Yes,No,ELEAF,1,0.25*,0.05*,16.7,0.06,3,0.5,0.5,ELEAF,1.00,0.25*,0.05*,17,0.06,3.00,0.50,0.50,MNE313,,
GT-S_Michele,External,None [Current],No,Yes,GT,S_Michele,No,DWDM-100GHz,No*,None,None,No,Yes,Yes,SSMF,12,4.00,0.17*,46.4,1.01,3,0.5,0.5,SSMF*,12.00*,4.00*,0.17*,46.4*,1.01*,3.00*,0.50*,0.50*,NE004_MNER06,,
ILA_Castelfranco-Montebelluna,External,None [Current],No,Yes,ILA_Castelfranco,Montebelluna,No,DWDM-100GHz,No*,None,None,No,Yes,Yes,SSMF,36,10.00,0.30*,600.1*,1.98*,3,0.5,0.5,SSMF*,36.00*,10.00*,0.30*,600.1*,1.98*,3.00*,0.50*,0.50*,MNER09_NE9977,,
ILA_Dobbiaco-ILA_Vandoies,External,None [Current],No,Yes,ILA_Dobbiaco,ILA_Vandoies,No,DWDM-100GHz,No*,None,None,No,Yes,Yes,SSMF,49,18.70,0.35*,816.8*,2.69*,3,0.5,0.5,SSMF*,49.00*,18.70*,0.35*,816.8*,2.69*,3.00*,0.50*,0.50*,NE303,,
ILA_Monfalcone_B-Udine_Baldasseria,External,None [Current],No,Yes,ILA_Monfalcone_B,Udine_Baldasseria,No,DWDM-100GHz,No*,None,None,No,Yes,No,ELEAF,53.01,10.74,0.36*,205.1*,4.45*,3,0.5,0.5,ELEAF,53.01,10.76,0.36*,205*,4.45*,3.00,0.50,0.50,3VE086_NE222_MNER10,,
ILA_Palmanova_n_2-Portogruaro,External,None [Current],No,Yes,ILA_Palmanova_n_2,Portogruaro,No,DWDM-100GHz,No*,None,None,No,Yes,No,ELEAF,49.81,10.11,0.35*,192.8*,4.18*,3,0.5,0.5,ELEAF,49.81,10.21,0.35*,193*,4.18*,3.00,0.50,0.50,3VE115_NE0105_MNER15,,
ILA_Selva_Gardena-Bressanone,External,None [Current],No,Yes,ILA_Selva_Gardena,Bressanone,No,DWDM-100GHz,No*,None,None,No,Yes,Yes,SSMF,51,14.75,0.36*,850.2*,2.81*,3,0.5,0.5,SSMF*,51.00*,14.75*,0.36*,850.2*,2.81*,3.00*,0.50*,0.50*,3VE139_MNE0331,,
ILA_Vandoies-Bolzano_BG,External,None [Current],No,Yes,ILA_Vandoies,Bolzano_BG,No,DWDM-100GHz,No*,None,None,No,Yes,No,SSMF,65,17.47,0.40*,1083.6*,3.58*,3,0.5,0.5,SSMF,65.00,18.53,0.40*,1084*,3.58*,3.00,0.50,0.50,NE303,,
Isola_della_Scala-Nogara,External,None [Current],No,Yes,Isola_della_Scala,Nogara,No,DWDM-100GHz,No*,None,None,No,Yes,Yes,SSMF,13.76,2.87,0.19*,229.4*,0.76*,3,0.5,0.5,SSMF*,13.76*,2.87*,0.19*,229.4*,0.76*,3.00*,0.50*,0.50*,3VE350_MNE556,,
Jesolo_Lomb-Burano,External,None [Current],No,Yes,Jesolo_Lomb,Burano,No,DWDM-100GHz,No*,None,None,No,Yes,Yes,SSMF,21,8.25,0.23*,350.1*,1.16*,5,0.5,0.5,SSMF*,21.00*,8.25*,0.23*,350.1*,1.16*,5.00*,0.50*,0.50*,MNE0603,,
Jesolo_Lomb-S_Dona_P,External,None [Current],No,Yes,Jesolo_Lomb,S_Dona_P,No,DWDM-100GHz,No*,None,None,No,Yes,Yes,SSMF,32,8.00*,0.28*,533.4*,1.76*,3,0.5,0.5,SSMF*,32.00*,8.00*,0.28*,533.4*,1.76*,3.00*,0.50*,0.50*,MNE306,,
Laives-BOLZANO,External,None [Current],No,Yes,Laives,BOLZANO,No,DWDM-100GHz,No*,None,None,No,Yes,Yes,SSMF,14.12,8.00,0.19*,235.4*,0.78*,3,0.5,0.5,SSMF*,14.12*,8.00*,0.19*,235.4*,0.78*,3.00*,0.50*,0.50*,3VE040_MNE070,,
Lamon-Fiera_di_Primiero,External,None [Current],No,Yes,Lamon,Fiera_di_Primiero,No,DWDM-100GHz,No*,None,None,No,Yes,Yes,SSMF,21,6.25,0.23*,350.1*,1.16*,3,0.5,0.5,SSMF*,21.00*,6.25*,0.23*,350.1*,1.16*,3.00*,0.50*,0.50*,MNE902,,
Latisana-Lignano_P,External,None [Current],No,Yes,Latisana,Lignano_P,No,DWDM-100GHz,No*,None,None,No,Yes,No,SSMF,17.51,3.18,0.21*,291.9*,0.96*,3,0.5,0.5,SSMF,17.51,3.16,0.21*,292*,0.96*,3.00,0.50,0.50,NE0185,,
Latisana-S_Giorgio_Nogaro,External,None [Current],No,Yes,Latisana,S_Giorgio_Nogaro,No,DWDM-100GHz,No*,None,None,No,Yes,Yes,SSMF,27,6.75*,0.26*,450.1*,1.49*,3,0.5,0.5,SSMF*,27.00*,6.75*,0.26*,450.1*,1.49*,3.00*,0.50*,0.50*,3VE381_NE_0571_MNE175,,
Legnago-Badia_Polesine,External,None [Current],No,Yes,Legnago,Badia_Polesine,No,DWDM-100GHz,No*,None,None,No,Yes,Yes,SSMF,49,16.00,0.35*,817.4,2.69*,3,0.5,0.5,SSMF*,49.00*,16.00*,0.35*,817.4*,2.69*,3.00*,0.50*,0.50*,MNE132,,
Legnago-Este_ROADM,External,None [Current],No,Yes,Legnago,Este_ROADM,No,DWDM-100GHz,No*,None,None,No,Yes,Yes,SSMF,35,10.00,0.30*,583.5*,1.93*,3,0.5,0.5,SSMF*,35.00*,10.00*,0.30*,583.5*,1.93*,3.00*,0.50*,0.50*,MNE0128,,
Legnago-Villafranca,External,None [Current],No,Yes,Legnago,Villafranca,No,DWDM-100GHz,No*,None,None,No,Yes,No,SSMF,66.5,23.26,0.41*,1108.6*,3.66*,3,0.5,0.5,SSMF,66.50,21.78,0.41*,1109*,3.66*,3.00,0.50,0.50,MNE129,,
Lendinara-Rovigo,External,None [Current],No,Yes,Lendinara,Rovigo,No,DWDM-100GHz,No*,None,None,No,Yes,Yes,SSMF,17,4.25*,0.21*,283.4*,0.94*,3,0.5,0.5,SSMF*,17.00*,4.25*,0.21*,283.4*,0.94*,3.00*,0.50*,0.50*,3VE198_MNE515,,
Lerino-Vicenza_Bgo_Padova,External,None [Current],No,Yes,Lerino,Vicenza_Bgo_Padova,No,DWDM-100GHz,No*,None,None,No,Yes,Yes,SSMF,15.3,4.83,0.20*,255.1*,0.84*,3,0.5,0.5,SSMF*,15.30*,4.83*,0.20*,255.1*,0.84*,3.00*,0.50*,0.50*,MNE0151,,
Levico-B_Valsugana,External,None [Current],No,Yes,Levico,B_Valsugana,No,DWDM-100GHz,No*,None,None,No,Yes,Yes,SSMF,13.8,3.45*,0.19*,230.0*,0.76*,3,0.5,0.5,SSMF*,13.80*,3.45*,0.19*,230.0*,0.76*,3.00*,0.50*,0.50*,3VE293_MNE577,,
Lido-Sottomarina,External,None [Current],No,Yes,Lido,Sottomarina,No,DWDM-100GHz,No*,None,None,No,Yes,Yes,SSMF,33,9.25,0.29*,545.0,1.81*,5,0.5,0.5,SSMF*,33.00*,9.25*,0.29*,545.0*,1.81*,5.00*,0.50*,0.50*,MNE094,,
Limena-Campo_di_Marte,External,None [Current],No,Yes,Limena,Campo_di_Marte,No,DWDM-100GHz,No*,None,None,No,Yes,No,SSMF,31.6,10.66,0.28*,526.8*,1.74*,3,0.5,0.5,SSMF,31.60,9.92,0.28*,527*,1.74*,3.00,0.50,0.50,MNE256,,
Limena-Cittadella,External,None [Current],No,Yes,Limena,Cittadella,No,DWDM-100GHz,No*,None,None,No,Yes,No,SSMF,42.14,11.12,0.32*,702.5*,2.32*,3,0.5,0.5,SSMF,42.14,10.24,0.32*,702*,2.32*,3.00,0.50,0.50,3VE263_MNE182,,
Limena-Mestrino,External,None [Current],No,Yes,Limena,Mestrino,No,DWDM-100GHz,No*,None,None,No,Yes,No,SSMF,20.1,5.65,0.22*,335.1*,1.11*,3,0.5,0.5,SSMF,20.10,5.54,0.22*,335*,1.11*,3.00,0.50,0.50,3VE295_MNE500,,
Limena-Padova_Stanga,External,None [Current],No,Yes,Limena,Padova_Stanga,No,DWDM-100GHz,No*,None,None,No,Yes,Yes,SSMF,11.7,3.93,0.17*,195.0*,0.64*,3,0.5,0.5,SSMF*,11.70*,3.93*,0.17*,195.0*,0.64*,3.00*,0.50*,0.50*,MNE255,,
Lonigo-Legnago,External,None [Current],No,Yes,Lonigo,Legnago,No,DWDM-100GHz,No*,None,None,No,Yes,No,SSMF,46.5,14.30,0.34*,775.2*,2.56*,3,0.5,0.5,SSMF,46.50,16.50,0.34*,775*,2.56*,3.00,0.50,0.50,MNE300,,
Lonigo-Sossano,External,None [Current],No,Yes,Lonigo,Sossano,No,DWDM-100GHz,No*,None,None,No,Yes,No,SSMF,13.71,2.87,0.19*,228.5*,0.75*,3,0.5,0.5,SSMF,13.71,3.71,0.19*,229*,0.75*,3.00,0.50,0.50,3VE261_MNE590,,
Malcontenta-Mira,External,None [Current],No,Yes,Malcontenta,Mira,No,DWDM-100GHz,No*,None,None,No,Yes,No,SSMF,12.16,3.94,0.17*,202.7*,0.67*,3,0.5,0.5,SSMF,12.16,3.28,0.17*,203*,0.67*,3.00,0.50,0.50,MNE308,,
Marcon-Mogliano_Veneto_B,External,None [Current],No,Yes,Marcon,Mogliano_Veneto_B,No,DWDM-100GHz,No*,None,None,No,Yes,Yes,SSMF,8,2.00*,0.14*,133.4*,0.44*,3,0.5,0.5,SSMF*,8.00*,2.00*,0.14*,133.4*,0.44*,3.00*,0.50*,0.50*,MNE0238,,
Marghera-Miranese,External,None [Current],No,Yes,Marghera,Miranese,No,DWDM-100GHz,No*,None,None,No,Yes,Yes,SSMF,5.2,1.30*,0.11*,86.7*,0.29*,3,0.5,0.5,SSMF*,5.20*,1.30*,0.11*,86.7*,0.29*,3.00*,0.50*,0.50*,MNE097,,
Marostica-Asiago,External,None [Current],No,Yes,Marostica,Asiago,No,DWDM-100GHz,No*,None,None,No,Yes,Yes,SSMF,29,7.25*,0.27*,483.4*,1.59*,3,0.5,0.5,SSMF*,29.00*,7.25*,0.27*,483.4*,1.59*,3.00*,0.50*,0.50*,3VE349_MNEA35,,
Marostica-Bassano,External,None [Current],No,Yes,Marostica,Bassano,No,DWDM-100GHz,No*,None,None,No,Yes,No,SSMF,8.92,2.73,0.15*,148.7*,0.49*,3,0.5,0.5,SSMF,8.92,3.81,0.15*,149*,0.49*,3.00,0.50,0.50,NE9135_MNEA07,,
Martellago-Mirano,External,None [Current],No,Yes,Martellago,Mirano,No,DWDM-100GHz,No*,None,None,No,Yes,Yes,SSMF,13,5.25,0.18*,216.7*,0.71*,3,0.5,0.5,SSMF*,13.00*,5.25*,0.18*,216.7*,0.71*,3.00*,0.50*,0.50*,MNE101,,
Meianiga-Arcella,External,None [Current],No,Yes,Meianiga,Arcella,No,DWDM-100GHz,No*,None,None,No,Yes,No,SSMF,4.37,1.16,0.10*,72.8*,0.24*,3,0.5,0.5,SSMF,4.37,1.38,0.10*,73*,0.24*,3.00,0.50,0.50,MNE111,,
Merano_Centro-BOLZANO,External,None [Current],No,Yes,Merano_Centro,BOLZANO,No,DWDM-100GHz,No*,None,None,No,Yes,Yes,SSMF,29.7,7.42*,0.27*,495.1*,1.63*,3,0.5,0.5,SSMF*,29.70*,7.42*,0.27*,495.1*,1.63*,3.00*,0.50*,0.50*,MNE065,,
Merano-Merano_Centro,External,None [Current],No,Yes,Merano,Merano_Centro,No,DWDM-100GHz,No*,None,None,No,Yes,Yes,SSMF,2.3,0.57*,0.08*,38.3*,0.13*,3,0.5,0.5,SSMF*,2.30*,0.57*,0.08*,38.3*,0.13*,3.00*,0.50*,0.50*,MNE066,,
Mestrino-Rubano,External,None [Current],No,Yes,Mestrino,Rubano,No,DWDM-100GHz,No*,None,None,No,Yes,No,SSMF,5.43,1.01,0.12*,90.5*,0.30*,3,0.02,0.02,SSMF,5.43,1.00,0.12*,91*,0.30*,3.00,0.04,0.04,3VE295_MNE501,,
Miranese-Spinea,External,None [Current],No,Yes,Miranese,Spinea,No,DWDM-100GHz,No*,None,None,No,Yes,Yes,SSMF,4.6,1.15*,0.11*,76.7*,0.25*,3,0.5,0.5,SSMF*,4.60*,1.15*,0.11*,76.7*,0.25*,3.00*,0.50*,0.50*,MNE098,,
Mirano-Dolo,External,None [Current],No,Yes,Mirano,Dolo,No,DWDM-100GHz,No*,None,None,No,Yes,Yes,SSMF,10.8,2.70*,0.16*,180.0*,0.59*,3,0.5,0.5,SSMF*,10.80*,2.70*,0.16*,180.0*,0.59*,3.00*,0.50*,0.50*,MNE100,,
Mira-Venezia_TO,External,None [Current],No,Yes,Mira,Venezia_TO,No,DWDM-100GHz,No*,None,None,No,Yes,Yes,SSMF,14.1,3.52*,0.19*,235.0*,0.78*,3,0.5,0.5,SSMF*,14.10*,3.52*,0.19*,235.0*,0.78*,3.00*,0.50*,0.50*,MNE107,,
Mogliano_Veneto_B-Carpenedo,External,None [Current],No,Yes,Mogliano_Veneto_B,Carpenedo,No,DWDM-100GHz,No*,None,None,No,Yes,Yes,ELEAF,15,3.75*,0.19*,58.1*,1.26*,3,0.5,0.5,ELEAF*,15.00*,3.75*,0.19*,58.1*,1.26*,3.00*,0.50*,0.50*,MNE0088,,
Monfalcone_B-Cervignano,External,None [Current],No,Yes,Monfalcone_B,Cervignano,No,DWDM-100GHz,No*,None,None,No,Yes,No,SSMF,18.18,4.26,0.21*,303.1*,1.00*,3,0.5,0.5,SSMF,18.18,3.66,0.21*,303*,1.00*,3.00,0.50,0.50,NE_0019,,
Monfalcone_B-Gorizia,External,None [Current],No,Yes,Monfalcone_B,Gorizia,No,DWDM-100GHz,No*,None,None,No,Yes,No,SSMF,29.8,7.40,0.27*,496.8*,1.64*,3,0.5,0.5,SSMF,29.80,6.81,0.27*,497*,1.64*,3.00,0.50,0.50,NE057,,
Monfalcone_B-Monfalcone,External,None [Current],No,Yes,Monfalcone_B,Monfalcone,No,DWDM-100GHz,No*,None,None,No,Yes,No,SSMF,1.71,0.72,0.07*,28.5*,0.09*,3,0.5,0.5,SSMF,1.71,1.37,0.07*,29*,0.09*,3.00,0.50,0.50,3VE316_MNE018,,
Monfalcone_B-Trieste_Gretta,External,None [Current],No,Yes,Monfalcone_B,Trieste_Gretta,No,DWDM-100GHz,No*,None,None,No,Yes,Yes,SSMF,34,9.50,0.29*,566.8*,1.87*,3,0.5,0.5,SSMF*,34.00*,9.50*,0.29*,566.8*,1.87*,3.00*,0.50*,0.50*,MNE012,,
Monselice-Battaglia Terme,External,None [Current],No,Yes,Monselice,Battaglia Terme,No,DWDM-100GHz,No*,None,None,No,Yes,Yes,SSMF,10,3.50,0.16*,166.7*,0.55*,3,0.5,0.5,SSMF*,10.00*,3.50*,0.16*,166.7*,0.55*,3.00*,0.50*,0.50*,3VE267_MNE503,,
Montebello-Lonigo,External,None [Current],No,Yes,Montebello,Lonigo,No,DWDM-100GHz,No*,None,None,No,Yes,Yes,SSMF,10,2.50*,0.16*,166.7*,0.55*,3,0.5,0.5,SSMF*,10.00*,2.50*,0.16*,166.7*,0.55*,3.00*,0.50*,0.50*,MNE139,,
Montebello-S_Michele,External,None [Current],No,Yes,Montebello,S_Michele,No,DWDM-100GHz,No*,None,None,No,Yes,No,SSMF,33,8.33,0.29*,550.1*,1.81*,3,0.5,0.5,SSMF,33.00,8.86,0.29*,550*,1.81*,3.00,0.50,0.50,MNE225,,
Montebello-Vicenza,External,None [Current],No,Yes,Montebello,Vicenza,No,DWDM-100GHz,No*,None,None,No,Yes,Yes,SSMF,25,7.25,0.25*,416.8*,1.38*,3,0.5,0.5,SSMF*,25.00*,7.25*,0.25*,416.8*,1.38*,3.00*,0.50*,0.50*,3VE077_MNE224,,
Montebelluna-Conegliano,External,None [Current],No,Yes,Montebelluna,Conegliano,No,DWDM-100GHz,No*,None,None,No,Yes,No,ELEAF,35,7.25,0.30*,135.5*,2.94*,3,0.5,0.5,ELEAF,35.00,8.01,0.30*,135*,2.94*,3.00,0.50,0.50,MNE085,,
Montebelluna-GT_Feltre,External,None [Current],No,Yes,Montebelluna,GT_Feltre,No,DWDM-100GHz,No*,None,None,No,Yes,Yes,SSMF,39,9.50,0.31*,650.1*,2.15*,3,0.5,0.5,SSMF*,39.00*,9.50*,0.31*,650.1*,2.15*,3.00*,0.50*,0.50*,MNEA22_NE9998,,
Montebelluna-Treviso,External,None [Current],No,Yes,Montebelluna,Treviso,No,DWDM-100GHz,No*,None,None,No,Yes,No,SSMF,16,5.00,0.20*,266.7*,0.88*,3,0.5,0.5,SSMF,16.00,6.00,0.20*,267*,0.88*,3.00,0.50,0.50,MNE077,,
Montecchio_M-Montebello,External,None [Current],No,Yes,Montecchio_M,Montebello,No,DWDM-100GHz,No*,None,None,No,Yes,No,SSMF,9,1.68,0.15*,150.0*,0.49*,3,0.5,0.5,SSMF,10.00,1.80,0.16*,167*,0.55*,3.00,0.50,0.50,3VE053_MNE140,,
Murano-Favaro_Veneto,External,None [Current],No,Yes,Murano,Favaro_Veneto,No,DWDM-100GHz,No*,None,None,No,Yes,Yes,SSMF,13,5.25,0.18*,216.7*,0.71*,5,0.5,0.5,SSMF*,13.00*,5.25*,0.18*,216.7*,0.71*,5.00*,0.50*,0.50*,MNEA03_NE1090,,
Murano-Venezia_CS_B,External,None [Current],No,Yes,Murano,Venezia_CS_B,No,DWDM-100GHz,No*,None,None,No,Yes,Yes,SSMF,4,2.00,0.10*,66.7*,0.22*,5,0.5,0.5,SSMF*,4.00*,2.00*,0.10*,66.7*,0.22*,5.00*,0.50*,0.50*,MNE092,,
Negrar-VR_Borgo_Trento,External,None [Current],No,Yes,Negrar,VR_Borgo_Trento,No,DWDM-100GHz,No*,None,None,No,Yes,Yes,SSMF,12,4.00,0.17*,200.0*,0.66*,3,0.5,0.5,SSMF*,12.00*,4.00*,0.17*,200.0*,0.66*,3.00*,0.50*,0.50*,MNE0162,,
Nogara-Cerea,External,None [Current],No,Yes,Nogara,Cerea,No,DWDM-100GHz,No*,None,None,No,Yes,No,SSMF,14.97,2.86,0.19*,249.5*,0.82*,3,0.5,0.5,SSMF,14.97,2.92,0.19*,250*,0.82*,3.00,0.50,0.50,3VE315_MNE555,,
Oderzo_Est-S_Dona_P,External,None [Current],No,Yes,Oderzo_Est,S_Dona_P,No,DWDM-100GHz,No*,None,None,No,Yes,No,SSMF,41.58,10.87,0.32*,700.0,2.29*,3,0.5,0.5,SSMF,41.58,10.08,0.32*,700,2.29*,3.00,0.50,0.50,3VE222_NE041,,
Oderzo_Est-Treviso,External,None [Current],No,Yes,Oderzo_Est,Treviso,No,DWDM-100GHz,No*,None,None,No,Yes,No,SSMF,31.23,9.90,0.28*,520.6*,1.72*,3,0.5,0.5,SSMF,31.23,9.38,0.28*,521*,1.72*,3.00,0.50,0.50,3VE222_NE0144,,
Olmo_Vicenza-Montecchio_M,External,None [Current],No,Yes,Olmo_Vicenza,Montecchio_M,No,DWDM-100GHz,No*,None,None,No,Yes,Yes,SSMF,14,6.50,0.19*,233.4*,0.77*,3,0.5,0.5,SSMF*,14.00*,6.50*,0.19*,233.4*,0.77*,3.00*,0.50*,0.50*,3VE386_MNE154,,
Opicina-ILA_Palmanova_n_2,External,None [Current],No,Yes,Opicina,ILA_Palmanova_n_2,No,DWDM-100GHz,No*,None,None,No,Yes,No,SSMF,55.39,11.70,0.37*,923.4*,3.05*,3,0.5,0.5,SSMF,55.39,12.00,0.37*,923*,3.05*,3.00,0.50,0.50,3VE115_NE0105_MNER16,,
Opicina-Trieste,External,None [Current],No,Yes,Opicina,Trieste,No,DWDM-100GHz,No*,None,None,No,Yes,No,SSMF,9.63,1.74,0.16*,160.5*,0.53*,3,0.08,0.08,SSMF,9.63,1.74,0.16*,161*,0.53*,3.00,0.27,0.27,3VE115_NE0010,,
Opicina-Trieste_Valmaura,External,None [Current],No,Yes,Opicina,Trieste_Valmaura,No,DWDM-100GHz,No*,None,None,No,Yes,Yes,SSMF,21,7.25,0.23*,350.1*,1.16*,3,0.5,0.5,SSMF*,21.00*,7.25*,0.23*,350.1*,1.16*,3.00*,0.50*,0.50*,MNE289,,
P_Valsugana-Trento_Sud,External,None [+] [Current],No,Yes,P_Valsugana,Trento_Sud,No,DWDM-100GHz,No*,None,None,No,Yes,Yes,ELEAF,9.7,2.42*,0.16*,161.7,0.53,3,0.5,0.5,ELEAF*,9.70*,2.42*,0.16*,161.7*,0.53*,3.00*,0.50*,0.50*,3VE216_MNE701,,
Padova_New-S_Osvaldo,External,None [Current],No,Yes,Padova_Stanga,S_Osvaldo,No,DWDM-100GHz,No*,None,None,No,Yes,Yes,SSMF,4.1,1.02*,0.10*,68.3*,0.23*,3,0.5,0.5,SSMF*,4.10*,1.02*,0.10*,68.3*,0.23*,3.00*,0.50*,0.50*,MNE122,,
Padova_Nwe-Venezia_TO,External,None [Current],No,Yes,Padova_Stanga,Venezia_TO,No,DWDM-100GHz,No*,None,None,No,Yes,Yes,ELEAF*,36,10.40,0.30*,139.3*,3.02*,3,0.5,0.5,ELEAF*,36.00*,10.40*,0.30*,139.3*,3.02*,3.00*,0.50*,0.50*,MNE005,,
Padova_Stanga-Camin,External,None [Current],No,Yes,Padova_Stanga,Camin,No,DWDM-100GHz,No*,None,None,No,Yes,Yes,SSMF,3.7,0.93*,0.10*,61.7*,0.20*,3,0.5,0.5,SSMF*,3.70*,0.93*,0.10*,61.7*,0.20*,3.00*,0.50*,0.50*,3VE123_MNE123,,
Padova_Stanga-Padova,External,None [Current],No,Yes,Padova_Stanga,Padova,No,DWDM-100GHz,No*,None,None,No,Yes,Yes,SSMF,3.3,0.82*,0.09*,55.0*,0.18*,3,0.5,0.5,SSMF*,3.30*,0.82*,0.09*,55.0*,0.18*,3.00*,0.50*,0.50*,MNE0228,,
Padova-S_Osvaldo,External,None [Current],No,Yes,Padova,S_Osvaldo,No,DWDM-100GHz,No*,None,None,No,Yes,Yes,SSMF,2.3,0.57*,0.08*,38.3*,0.13*,3,0.5,0.5,SSMF*,2.30*,0.57*,0.08*,38.3*,0.13*,3.00*,0.50*,0.50*,MNE121,,
Padova-Sottomarina,External,None [Current],No,Yes,Padova,Sottomarina,No,DWDM-100GHz,No*,None,None,No,Yes,No,SSMF,62.1,21.40,0.39*,1035.2*,3.42*,3,0.5,0.5,SSMF,62.10,19.50,0.39*,1035*,3.42*,3.00,0.50,0.50,MNEA14_NE9228,,
Paese-Treviso_NO,External,None [Current],No,Yes,Paese,Treviso_NO,No,DWDM-100GHz,No*,None,None,No,Yes,Yes,SSMF,13,4.25,0.18*,216.7*,0.71*,3,0.5,0.5,SSMF*,13.00*,4.25*,0.18*,216.7*,0.71*,3.00*,0.50*,0.50*,3VE388_MNE048,,
Pergine_Valsugana-Levico,External,None [Current],No,Yes,Pergine_Valsugana,Levico,No,DWDM-100GHz,No*,None,None,No,Yes,Yes,SSMF,9.4,2.35*,0.15*,156.7*,0.52*,3,0.5,0.5,SSMF*,9.40*,2.35*,0.15*,156.7*,0.52*,3.00*,0.50*,0.50*,3VE293_MNE578,,
Peschiera-Bussolengo,External,None [Current],No,Yes,Peschiera,Bussolengo,No,DWDM-100GHz,No*,None,None,No,Yes,No,SSMF,17.3,7.02,0.21*,288.4*,0.95*,3,0.01,0.01,SSMF,17.30,9.19,0.21*,288*,0.95*,3.00,0.01,0.01,MNE160,,
Pieve_Cadore-ILA_Dobbiaco,External,None [Current],No,Yes,ROADM_Pieve_Cadore,ILA_Dobbiaco,No,DWDM-100GHz,No*,None,None,No,Yes,No,SSMF,65,21.28,0.40*,1083.6*,3.58*,3,0.5,0.5,SSMF,65.00,20.50,0.40*,1084*,3.58*,3.00,0.50,0.50,NE303,,
Piove_di_Sacco-Cavarzere,External,None [Current],No,Yes,Piove_di_Sacco,Cavarzere,No,DWDM-100GHz,No*,None,None,No,Yes,No,SSMF,24.68,6.35,0.25*,411.4*,1.36*,3,0.5,0.5,SSMF,24.68,6.67,0.25*,411*,1.36*,3.00,0.50,0.50,MNE189,,
Piove_di_Sacco-Legnaro,External,None [Current],No,Yes,Piove_di_Sacco,Legnaro,No,DWDM-100GHz,No*,None,None,No,Yes,No,SSMF,10.21,1.91,0.16*,170.2*,0.56*,3,0.15,0.15,SSMF,10.21,1.90,0.16*,170*,0.56*,3.00,0.22,0.22,3VE296_MNEA33_NE9140,,
Piove_di_Sacco-Sottomarina,External,None [Current],No,Yes,Piove_di_Sacco,Sottomarina,No,DWDM-100GHz,No*,None,None,No,Yes,No,SSMF,40.4,11.11,0.32*,673.5*,2.22*,3,0.5,0.5,SSMF,40.40,10.01,0.32*,673*,2.22*,3.00,0.50,0.50,NE9138_MNEA11,,
Ponte_di_Brenta-Dolo,External,None [Current],No,Yes,Ponte_di_Brenta,Dolo,No,DWDM-100GHz,No*,None,None,No,Yes,No,SSMF,15.8,4.20,0.20*,263.4*,0.87*,3,0.5,0.5,SSMF,15.80,3.50,0.20*,263*,0.87*,3.00,0.50,0.50,3VE123_MNE125,,
Pordenone_Centro-Pordenone_Torre,External,None [Current],No,Yes,Pordenone_Centro,Pordenone_Torre,No,DWDM-100GHz,No*,None,None,No,Yes,Yes,SSMF,2.76,0.50,0.08*,46.0*,0.15*,3,0.5,0.5,SSMF*,2.76*,0.50*,0.08*,46.0*,0.15*,3.00*,0.50*,0.50*,NE9331_MNEA15,,
Pordenone_Torre-Pordenone,External,None [Current],No,Yes,Pordenone_Torre,Pordenone,No,DWDM-100GHz,No*,None,None,No,Yes,No,SSMF,4.38,1.09*,0.10*,73.0*,0.24*,3,0.5,0.5,SSMF,4.38,1.20,0.10*,73*,0.24*,3.00,0.01,0.01,NE3331_MNEA05,,
Portogruaro-Latisana,External,None [Current],No,Yes,Portogruaro,Latisana,No,DWDM-100GHz,No*,None,None,No,Yes,No,SSMF,22.57,4.33,0.24*,376.2*,1.24*,3,0.5,0.5,SSMF,22.57,4.08,0.24*,376*,1.24*,3.00,0.50,0.50,NE9934_MNEA18,,
Portogruaro-Pordenone,External,None [Current],No,Yes,Portogruaro,Pordenone,No,DWDM-100GHz,No*,None,None,No,Yes,No,SSMF,41.62,8.97,0.32*,693.8*,2.29*,3,0.5,0.5,SSMF,41.62,7.72,0.32*,694*,2.29*,3.00,0.50,0.50,3VE114_NE035,,
Prata_Pordenone-Pordenone_Centro,External,None [Current],No,Yes,Prata_Pordenone,Pordenone_Centro,No,DWDM-100GHz,No*,None,None,No,Yes,No,SSMF,12.86,3.19,0.18*,214.4*,0.71*,3,0.5,0.5,SSMF,12.86,3.72,0.18*,214*,0.71*,3.00,0.50,0.50,3VE290_MNE565,,
Riva_del_Garda-Rovereto_CENTRO,External,None [Current],No,Yes,Riva_del_Garda,Rovereto_CENTRO,No,DWDM-100GHz,No*,None,None,No,Yes,Yes,SSMF,23.5,11.00,0.24*,391.7*,1.29*,3,0.5,0.5,SSMF*,23.50*,11.00*,0.24*,391.7*,1.29*,3.00*,0.50*,0.50*,MNE082,,
ROADM_Pieve_Cadore-Cortina_d_Ampezzo_2,External,None [+] [Current],No,Yes,ROADM_Pieve_Cadore,Cortina_d_Ampezzo_2,No,DWDM-100GHz,No*,None,None,No,Yes,Yes,SSMF,36,11.00,0.30*,600.1*,1.98*,3,0.5,0.5,SSMF*,36.00*,11.00*,0.30*,600.1*,1.98*,3.00*,0.50*,0.50*,MNE059,,
Rovereto_CENTRO-ROVERETO,External,None [Current],No,Yes,Rovereto_CENTRO,ROVERETO,No,DWDM-100GHz,No*,None,None,No,Yes,Yes,SSMF,2.1,1.50,0.07*,35.0*,0.12*,3,0.5,0.5,SSMF*,2.10*,1.50*,0.07*,35.0*,0.12*,3.00*,0.50*,0.50*,MNE083,,
ROVERETO-Trento_Sud,External,None [Current],No,Yes,ROVERETO,Trento_Sud,No,DWDM-100GHz,No*,None,None,No,Yes,No,ELEAF,28.8,8.20,0.27*,111.5*,2.42*,3,0.5,0.5,ELEAF,28.80,7.30,0.27*,111*,2.42*,3.00,0.50,0.50,MNE084,,
Rubano-Campo_di_Marte,External,None [Current],No,Yes,Rubano,Campo_di_Marte,No,DWDM-100GHz,No*,None,None,No,Yes,No,SSMF,6.23,1.38,0.12*,103.9*,0.34*,3,0.5,0.5,SSMF,6.23,1.38,0.12*,104*,0.34*,3.00,0.17,0.17,3VE213_MNE114,,
S_Bonifacio-Colognola_Colli,External,None [Current],No,Yes,S_Bonifacio,Colognola_Colli,No,DWDM-100GHz,No*,None,None,No,Yes,Yes,SSMF,9.5,2.38*,0.15*,158.4*,0.52*,3,0.5,0.5,SSMF*,9.50*,2.38*,0.15*,158.4*,0.52*,3.00*,0.50*,0.50*,3VE298_MNE322,,
S_Bonifacio-Legnago,External,None [Current],No,Yes,S_Bonifacio,Legnago,No,DWDM-100GHz,No*,None,None,No,Yes,No,SSMF,45.47,14.00,0.34*,758.0*,2.50*,3,0.5,0.5,SSMF,45.47,16.70,0.34*,758*,2.50*,3.00,0.50,0.50,3VE325_MNE208,,
S_Bonifacio-S_Martino_B_Albergo,External,None [Current],No,Yes,S_Bonifacio,S_Martino_B_Albergo,No,DWDM-100GHz,No*,None,None,No,Yes,No,SSMF,32.8,8.30,0.29*,546.8*,1.80*,3,0.5,0.5,SSMF,32.80,7.00,0.29*,547*,1.80*,3.00,0.50,0.50,3VE225_MNE323,,
S_Bortolo-Cavazzale,External,None [Current],No,Yes,S_Bortolo,Cavazzale,No,DWDM-100GHz,No*,None,None,No,Yes,No,SSMF,14.14,5.57,0.19*,235.7*,0.78*,3,0.5,0.5,SSMF,14.14,3.27,0.19*,236*,0.78*,3.00,0.50,0.50,MNEA23,,
S_Bortolo-Vicenza_Bgo_Padova,External,None [Current],No,Yes,S_Bortolo,Vicenza_Bgo_Padova,No,DWDM-100GHz,No*,None,None,No,Yes,No,SSMF,2.83,0.51,0.08*,47.2*,0.16*,3,0.47,0.47,SSMF,2.83,0.55,0.08*,47*,0.16*,3.00,0.50,0.50,3VE263_MNE149,,
S_Daniele_Fr-Spilimbergo,External,None [Current],No,Yes,S_Daniele_Fr,Spilimbergo,No,DWDM-100GHz,No*,None,None,No,Yes,Yes,SSMF,30.81,6.00,0.28*,513.6*,1.69*,3,0.5,0.5,SSMF*,30.81*,6.00*,0.28*,513.6*,1.69*,3.00*,0.50*,0.50*,MNE0240,,
S_Domenico-Chiavris,External,None [Current],No,Yes,S_Domenico,Chiavris,No,DWDM-100GHz,No*,None,None,No,Yes,Yes,SSMF,2.92,0.53,0.09*,48.7*,0.16*,3,0.01,0.01,SSMF*,2.92*,0.53*,0.09*,48.7*,0.16*,3.00*,0.01*,0.01*,3VE195_MNE026,,
S_Dona_P-Marcon,External,None [Current],No,Yes,S_Dona_P,Marcon,No,DWDM-100GHz,No*,None,None,No,Yes,Yes,SSMF,31,7.75*,0.28*,516.8*,1.71*,3,0.5,0.5,SSMF*,31.00*,7.75*,0.28*,516.8*,1.71*,3.00*,0.50*,0.50*,MNE0038,,
S_Dona_P-Portogruaro,External,None [Current],No,Yes,S_Dona_P,Portogruaro,No,DWDM-100GHz,No*,None,None,No,Yes,No,ELEAF,44.4,8.54,0.33*,171.8*,3.73*,3,0.5,0.5,ELEAF,44.40,8.92,0.33*,172*,3.73*,3.00,0.50,0.50,MNE036,,
S_Giorgio_Nogaro-PALMANOVA_FOADM,External,None [Current],No,Yes,S_Giorgio_Nogaro,PALMANOVA_FOADM,No,DWDM-100GHz,No*,None,None,No,Yes,Yes,SSMF,15,3.75*,0.19*,250.1*,0.82*,3,0.5,0.5,SSMF*,15.00*,3.75*,0.19*,250.1*,0.82*,3.00*,0.50*,0.50*,3VE381_NE_0572_MNE572,,
S_Giov_Lupatoto-VR_B_ROMA,External,None [Current],No,Yes,S_Giov_Lupatoto,VR_B_ROMA,No,DWDM-100GHz,No*,None,None,No,Yes,Yes,SSMF,8.4,2.10*,0.14*,140.0*,0.46*,3,0.5,0.5,SSMF*,8.40*,2.10*,0.14*,140.0*,0.46*,3.00*,0.50*,0.50*,3VE294_MNE173,,
S_Gottardo-Cividale,External,None [Current],No,Yes,S_Gottardo,Cividale,No,DWDM-100GHz,No*,None,None,No,Yes,Yes,SSMF,15,4.75,0.19*,250.1*,0.82*,3,0.5,0.5,SSMF*,15.00*,4.75*,0.19*,250.1*,0.82*,3.00*,0.50*,0.50*,3VE246_MNE567,,
S_Mart_Castrozza-Cavalese,External,None [Current],No,Yes,S_Mart_Castrozza,Cavalese,No,DWDM-100GHz,No*,None,None,No,Yes,Yes,SSMF,49,12.25*,0.35*,816.8*,2.69*,3,0.5,0.5,SSMF*,49.00*,12.25*,0.35*,816.8*,2.69*,3.00*,0.50*,0.50*,XWNCL,,
S_Martino_B_Albergo-S_Michele,External,None [Current],No,Yes,S_Martino_B_Albergo,S_Michele,No,DWDM-100GHz,No*,None,None,No,Yes,No,SSMF,6.6,2.08,0.13*,110.0*,0.36*,3,0.5,0.5,SSMF,6.60,3.22,0.13*,110*,0.36*,3.00,0.50,0.50,3VE225_MNE166,,
S_Michele_Extra-S_Martino_B_Albergo,External,None [Current],No,Yes,S_Michele_Extra,S_Martino_B_Albergo,No,DWDM-100GHz,No*,None,None,No,Yes,Yes,SSMF,4.7,1.18*,0.11*,78.3*,0.26*,3,0.5,0.5,SSMF*,4.70*,1.18*,0.11*,78.3*,0.26*,3.00*,0.50*,0.50*,3VE325_MNE165,,
S_Michele-Vicenza,External,None [Current],No,Yes,S_Michele,Vicenza,No,DWDM-100GHz,No*,None,None,No,Yes,Yes,ELEAF*,49,14.00,0.35*,189.6*,4.12*,3,0.5,0.5,ELEAF*,49.00*,14.00*,0.35*,189.6*,4.12*,3.00*,0.50*,0.50*,MNE0003,,
S_Osvaldo-Legnaro,External,None [Current],No,Yes,S_Osvaldo,Legnaro,No,DWDM-100GHz,No*,None,None,No,Yes,No,SSMF,10.23,1.90,0.16*,170.5*,0.56*,3,0.4,0.4,SSMF,10.23,1.91,0.16*,171*,0.56*,3.00,0.37,0.37,3VE296_MNEA34_NE9141,,
S_Pietro_Cariano-Negrar,External,None [Current],No,Yes,S_Pietro_Cariano,Negrar,No,DWDM-100GHz,No*,None,None,No,Yes,Yes,SSMF,9.5,3.38,0.15*,158.4*,0.52*,3,0.5,0.5,SSMF*,9.50*,3.38*,0.15*,158.4*,0.52*,3.00*,0.50*,0.50*,MNE0262,,
S_Vito_Tagliamento-Casarsa_Delizia,External,None [Current],No,Yes,S_Vito_Tagliamento,Casarsa_Delizia,No,DWDM-100GHz,No*,None,None,No,Yes,Yes,ELEAF,5,1.25*,0.11*,83.4,0.28,3,0.5,0.5,ELEAF*,5.00*,1.25*,0.11*,83.4*,0.28*,3.00*,0.50*,0.50*,3VE290_NE9930_MNEA32,,
Sacile-Pordenone,External,None [Current],No,Yes,Sacile,Pordenone,No,DWDM-100GHz,No*,None,None,No,Yes,No,SSMF,15.1,2.73,0.19*,251.7*,0.83*,3,0.28,0.28,SSMF,15.10,2.73,0.19*,252*,0.83*,3.00,0.39,0.39,3VE253_MNE032,,
Sandrigo-Marostica,External,None [Current],No,Yes,Sandrigo,Marostica,No,DWDM-100GHz,No*,None,None,No,Yes,No,SSMF,15.9,3.60,0.20*,265.1*,0.87*,3,0.5,0.5,SSMF,16.40,3.35,0.20*,273*,0.90*,3.00,0.50,0.50,3VE189_MNE513,,
Schio-Thiene,External,None [Current],No,Yes,Schio,Thiene,No,DWDM-100GHz,No*,None,None,No,Yes,Yes,SSMF,13,2.50,0.18*,216.7*,0.71*,3,0.5,0.5,SSMF*,13.00*,2.50*,0.18*,216.7*,0.71*,3.00*,0.50*,0.50*,3VE081_MNE146,,
Schio-Valdagno_Nord,External,None [Current],No,Yes,Schio,Valdagno_Nord,No,DWDM-100GHz,No*,None,None,No,Yes,No,SSMF,24,8.22,0.24*,400.1*,1.32*,3,0.5,0.5,SSMF,24.00,8.44,0.24*,400*,1.32*,3.00,0.50,0.50,3VE081_MNE143,,
Silea-Treviso,External,None [Current],No,Yes,Silea,Treviso,No,DWDM-100GHz,No*,None,None,No,Yes,No,SSMF,5.33,2.80,0.12*,88.9*,0.29*,3,0.5,0.5,SSMF,5.33,1.80,0.12*,89*,0.29*,3.00,0.50,0.50,3VE223_MNE242,,
Solesino-Monselice,External,None [Current],No,Yes,Solesino,Monselice,No,DWDM-100GHz,No*,None,None,No,Yes,No,SSMF,12,3.29,0.17*,200.0*,0.66*,3,0.5,0.5,SSMF,12.00,3.30,0.17*,200*,0.66*,3.00,0.50,0.50,MNE504_NESOLE,,
Solesino-Rovigo,External,None [Current],No,Yes,Solesino,Rovigo,No,DWDM-100GHz,No*,None,None,No,Yes,No,SSMF,20,4.32,0.22*,333.4*,1.10*,3,0.5,0.5,SSMF,20.00,4.60,0.22*,333*,1.10*,3.00,0.50,0.50,NE0130_MNE505,,
Sona_B-Bussolengo,External,None [Current],No,Yes,Sona_B,Bussolengo,No,DWDM-100GHz,No*,None,None,No,Yes,Yes,SSMF,4.4,1.10*,0.10*,73.3*,0.24*,3,0.5,0.5,SSMF*,4.40*,1.10*,0.10*,73.3*,0.24*,3.00*,0.50*,0.50*,MNE3160_MNEA26,,
Sona_B-Peschiera,External,None [Current],No,Yes,Sona_B,Peschiera,No,DWDM-100GHz,No*,None,None,No,Yes,Yes,SSMF,12.3,4.10,0.18*,205.0*,0.68*,3,0.5,0.5,SSMF*,12.30*,4.10*,0.18*,205.0*,0.68*,3.00*,0.50*,0.50*,MNE3161_MNEA27,,
Sottomarina-Marghera,External,None [Current],No,Yes,Sottomarina,Marghera,No,DWDM-100GHz,No*,None,None,No,Yes,Yes,SSMF,39.9,9.97*,0.32*,665.1*,2.19*,3,0.5,0.5,SSMF*,39.90*,9.97*,0.32*,665.1*,2.19*,3.00*,0.50*,0.50*,NE096,,
Spilimbergo-Pordenone_Centro,External,None [Current],No,Yes,Spilimbergo,Pordenone_Centro,No,DWDM-100GHz,No*,None,None,No,Yes,Yes,SSMF,36,8.00,0.30*,600.1*,1.98*,3,0.5,0.5,SSMF*,36.00*,8.00*,0.30*,600.1*,1.98*,3.00*,0.50*,0.50*,MNE031,,
Spilimbergo-S_Domenico,External,None [Current],No,Yes,Spilimbergo,S_Domenico,No,DWDM-100GHz,No*,None,None,No,Yes,No,SSMF,38.2,9.15,0.31*,636.8*,2.10*,3,0.5,0.5,SSMF,38.20,10.07,0.31*,637*,2.10*,3.00,0.50,0.50,3VE247_MNE030,,
Spinea-Mirano,External,None [Current],No,Yes,Spinea,Mirano,No,DWDM-100GHz,No*,None,None,No,Yes,Yes,SSMF,5.4,1.35*,0.12*,90.0*,0.30*,3,0.5,0.5,SSMF*,5.40*,1.35*,0.12*,90.0*,0.30*,3.00*,0.50*,0.50*,MNE099,,
Tolmezzo-S_Daniele_Fr,External,None [Current],No,Yes,Tolmezzo,S_Daniele_Fr,No,DWDM-100GHz,No*,None,None,No,Yes,Yes,SSMF,43.75,12.00,0.33*,729.3*,2.41*,3,0.5,0.5,SSMF*,43.75*,12.00*,0.33*,729.3*,2.41*,3.00*,0.50*,0.50*,MNE0040,,
Trento_Centro-TRENTO_NORD,External,None [Current],No,Yes,Trento_Centro,TRENTO_NORD,No,DWDM-100GHz,No*,None,None,No,Yes,Yes,SSMF,2.9,0.72*,0.09*,48.3*,0.16*,3,0.5,0.5,SSMF*,2.90*,0.72*,0.09*,48.3*,0.16*,3.00*,0.50*,0.50*,3VE040_MNE072,,
TRENTO_NORD-Laives,External,None [Current],No,Yes,TRENTO_NORD,Laives,No,DWDM-100GHz,No*,None,None,No,Yes,Yes,ELEAF,50.87,12.72*,0.36*,196.9*,4.27*,3,0.5,0.5,ELEAF*,50.87*,12.72*,0.36*,196.9*,4.27*,3.00*,0.50*,0.50*,3VE040_MNE7770,,
Trento_Sud-Ala,External,None [Current],No,Yes,Trento_Sud,Ala,No,DWDM-100GHz,No*,None,None,No,Yes,No,SSMF,53.67,12.80,0.37*,894.7*,2.95*,3,0.5,0.5,SSMF,53.61,12.50,0.37*,894*,2.95*,3.00,0.50,0.50,MNER05_NE221,,
Trento_Sud-Pergine_Valsugana,External,None [Current],No,Yes,Trento_Sud,Pergine_Valsugana,No,DWDM-100GHz,No*,None,None,No,Yes,Yes,ELEAF,9.7,2.42*,0.16*,37.5*,0.81*,3,0.5,0.5,ELEAF*,9.70*,2.42*,0.16*,37.5*,0.81*,3.00*,0.50*,0.50*,3VE293_MNE074,,
Trento_Sud-Trento_Centro,External,None [Current],No,Yes,Trento_Sud,Trento_Centro,No,DWDM-100GHz,No*,None,None,No,Yes,Yes,SSMF,2.5,0.62*,0.08*,41.7*,0.14*,3,0.5,0.5,SSMF*,2.50*,0.62*,0.08*,41.7*,0.14*,3.00*,0.50*,0.50*,3VE040_MNE073,,
Treponti-Brusegana,External,None [Current],No,Yes,Treponti,Brusegana,No,DWDM-100GHz,No*,None,None,No,Yes,Yes,SSMF,20.2,9.05,0.22*,336.7*,1.11*,3,0.5,0.5,SSMF*,20.20*,9.05*,0.22*,336.7*,1.11*,3.00*,0.50*,0.50*,3VE187_MNE509,,
Treviso_Centro-Treviso,External,None [Current],No,Yes,Treviso_Centro,Treviso,No,DWDM-100GHz,No*,None,None,No,Yes,No,SSMF,1,0.89,0.05*,16.7*,0.06*,3,0.5,0.5,SSMF,1.00,0.88,0.05*,17*,0.06*,3.00,0.50,0.50,MNE043,,
Treviso_NE-Treviso_Centro,External,None [Current],No,Yes,Treviso_NE,Treviso_Centro,No,DWDM-100GHz,No*,None,None,No,Yes,Yes,SSMF,3,0.75*,0.09*,50.0*,0.17*,3,0.5,0.5,SSMF*,3.00*,0.75*,0.09*,50.0*,0.17*,3.00*,0.50*,0.50*,MNE044,,
Treviso_NO-Montebelluna,External,None [Current],No,Yes,Treviso_NO,Montebelluna,No,DWDM-100GHz,No*,None,None,No,Yes,No,SSMF,20.54,4.14,0.23*,342.4*,1.13*,3,0.5,0.5,SSMF,20.54,4.28,0.23*,342*,1.13*,3.00,0.50,0.50,3VE236_MNE086,,
Treviso_NO-Treviso,External,None [Current],No,Yes,Treviso_NO,Treviso,No,DWDM-100GHz,No*,None,None,No,Yes,No,SSMF,3,1.35,0.09*,50.0*,0.17*,3,0.5,0.5,SSMF,3.00,1.15,0.09*,50*,0.17*,3.00,0.50,0.50,NE046,,
Treviso_Venezia_TO,External,None [Current],No,Yes,Venezia_TO,Treviso,No,DWDM-100GHz,No*,None,None,No,Yes,No,ELEAF*,56.3,17.00,0.38*,248.0,4.73*,3,0.5,0.5,ELEAF*,56.30,18.00,0.38*,248,4.73*,3.00,0.50,0.50,MNE0078,,
Treviso-Mogliano_Veneto_B,External,None [Current],No,Yes,Treviso,Mogliano_Veneto_B,No,DWDM-100GHz,No*,None,None,No,Yes,No,SSMF,35,9.40,0.30*,583.5*,1.93*,3,0.5,0.5,SSMF,35.00,8.70,0.30*,583*,1.93*,3.00,0.50,0.50,MNE0087,,
Tricesimo-Gemona,External,None [Current],No,Yes,Tricesimo,Gemona,No,DWDM-100GHz,No*,None,None,No,Yes,No,SSMF,29.63,5.35,0.27*,493.9*,1.63*,3,0.46,0.46,SSMF,29.63,5.53,0.27*,494*,1.63*,3.00,0.50,0.50,MNE570,,
Trieste_Revoltella-Trieste,External,None [Current],No,Yes,Trieste_Revoltella,Trieste,No,DWDM-100GHz,No*,None,None,No,Yes,Yes,SSMF,3,0.75*,0.09*,50.0*,0.17*,3,0.5,0.5,SSMF*,3.00*,0.75*,0.09*,50.0*,0.17*,3.00*,0.50*,0.50*,MNE016,,
Trieste_Revoltella-Trieste_Valmaura,External,None [Current],No,Yes,Trieste_Revoltella,Trieste_Valmaura,No,DWDM-100GHz,No*,None,None,No,Yes,Yes,SSMF,3,0.75*,0.09*,50.0*,0.17*,3,0.5,0.5,SSMF*,3.00*,0.75*,0.09*,50.0*,0.17*,3.00*,0.50*,0.50*,MNE017,,
Trieste-ILA_Monfalcone_B,External,None [Current],No,Yes,Trieste,ILA_Monfalcone_B,No,DWDM-100GHz,No*,None,None,No,Yes,No,ELEAF,37.34,9.62,0.31*,144.5*,3.14*,3,0.5,0.5,ELEAF,37.34,10.07,0.31*,145*,3.14*,3.00,0.50,0.50,3VE086_NE222_MNER11,,
Trieste-Trieste_Gretta,External,None [Current],No,Yes,Trieste,Trieste_Gretta,No,DWDM-100GHz,No*,None,None,No,Yes,Yes,SSMF,4,1.00*,0.10*,66.7*,0.22*,3,0.5,0.5,SSMF*,4.00*,1.00*,0.10*,66.7*,0.22*,3.00*,0.50*,0.50*,MNE013,,
TS_S_Vito-Trieste,External,None [Current],No,Yes,TS_S_Vito,Trieste,No,DWDM-100GHz,No*,None,None,No,Yes,Yes,SSMF,10,2.50*,0.16*,166.7*,0.55*,3,0.5,0.5,SSMF*,10.00*,2.50*,0.16*,166.7*,0.55*,3.00*,0.50*,0.50*,3VE145_MNE0014,,
Udine_Baldasseria-Pordenone,External,None [Current],No,Yes,Udine_Baldasseria,Pordenone,No,DWDM-100GHz,No*,None,None,No,Yes,No,ELEAF,61.47,12.82,0.39*,237.9*,5.16*,3,0.5,0.5,ELEAF,61.47,13.08,0.39*,238*,5.16*,3.00,0.50,0.50,3VE087_NE9223_MNEA13,,
Udine_Baldasseria-S_Gottardo,External,None [Current],No,Yes,Udine_Baldasseria,S_Gottardo,No,DWDM-100GHz,No*,None,None,No,Yes,Yes,SSMF,7,1.75*,0.13*,116.7*,0.39*,3,0.5,0.5,SSMF*,7.00*,1.75*,0.13*,116.7*,0.39*,3.00*,0.50*,0.50*,MNE023,,
Udine_Baldasseria-Udine,External,None [Current],No,Yes,Udine_Baldasseria,Udine,No,DWDM-100GHz,No*,None,None,No,Yes,Yes,SSMF,2.2,1.00,0.07*,36.7*,0.12*,3,0.01,0.01,SSMF*,2.20*,1.00*,0.07*,36.7*,0.12*,3.00*,0.01*,0.01*,3VE090_MNE184,,
Udine_v_Venezia-Udine_Baldasseria,External,None [Current],No,Yes,Udine_v_Venezia,Udine_Baldasseria,No,DWDM-100GHz,No*,None,None,No,Yes,Yes,SSMF,4,1.00*,0.10*,66.7*,0.22*,3,0.5,0.5,SSMF*,4.00*,1.00*,0.10*,66.7*,0.22*,3.00*,0.50*,0.50*,3VE265_MNE024,,
Udine-Chiavris,External,None [Current],No,Yes,Udine,Chiavris,No,DWDM-100GHz,No*,None,None,No,Yes,Yes,SSMF,2.5,1.00,0.08*,41.7*,0.14*,3,0.01,0.01,SSMF*,2.50*,1.00*,0.08*,41.7*,0.14*,3.00*,0.01*,0.01*,MNE025,,
Valdagno_Nord-Montecchio_M,External,None [Current],No,Yes,Valdagno_Nord,Montecchio_M,No,DWDM-100GHz,No*,None,None,No,Yes,No,SSMF,24,6.20,0.24*,400.1*,1.32*,3,0.5,0.5,SSMF,24.00,6.50,0.24*,400*,1.32*,3.00,0.50,0.50,3VE081_MNE141,,
Venezia_CS_A-Lido,External,None [Current],No,Yes,Venezia_CS_A,Lido,No,DWDM-100GHz,No*,None,None,No,Yes,Yes,SSMF,6,2.50,0.12*,100.0*,0.33*,5,0.5,0.5,SSMF*,6.00*,2.50*,0.12*,100.0*,0.33*,5.00*,0.50*,0.50*,MNE093,,
Venezia_CS_B-Venezia_CS_A,External,None [Current],No,Yes,Venezia_CS_B,Venezia_CS_A,No,DWDM-100GHz,No*,None,None,No,Yes,Yes,SSMF,3,1.75,0.09*,50.0*,0.17*,5,0.5,0.5,SSMF*,3.00*,1.75*,0.09*,50.0*,0.17*,5.00*,0.50*,0.50*,MNE091,,
Venezia_TO-Este_ILA,External,None [Current],No,Yes,Venezia_TO,Este,No,DWDM-100GHz,No*,None,None,No,Yes,Yes,SSMF,80,21.00,0.45*,1333.6*,4.40*,3,0.5,0.5,SSMF*,80.00*,21.00*,0.45*,1333.6*,4.40*,3.00*,0.50*,0.50*,NE004_MNER07,,
Venezia_TO-Malcontenta,External,None [Current],No,Yes,Venezia_TO,Malcontenta,No,DWDM-100GHz,No*,None,None,No,Yes,No,SSMF,9.42,4.15,0.15*,157.0*,0.52*,3,0.5,0.5,SSMF,9.42,2.26,0.15*,157*,0.52*,3.00,0.50,0.50,MNE307,,
Venezia_TO-S_Dona_P,External,None [Current],No,Yes,Venezia_TO,S_Dona_P,No,DWDM-100GHz,No*,None,None,No,Yes,No,ELEAF,46.7,10.88,0.34*,180.7*,3.92*,3,0.5,0.5,ELEAF,46.70,10.77,0.34*,181*,3.92*,3.00,0.50,0.50,NE9999_MNEA25,,
Venezia_TO-Sottomarina,External,None [Current],No,Yes,Venezia_TO,Sottomarina,No,DWDM-100GHz,No*,None,None,No,Yes,Yes,SSMF,46,11.50*,0.34*,766.8*,2.53*,3,0.5,0.5,SSMF*,46.00*,11.50*,0.34*,766.8*,2.53*,3.00*,0.50*,0.50*,NE0227_MNE227,,
Venezia_TO-Venezia_CS_B,External,None [Current],No,Yes,Venezia_TO,Venezia_CS_B,No,DWDM-100GHz,No*,None,None,No,Yes,Yes,SSMF,11,2.75*,0.17*,183.4*,0.60*,3,0.5,0.5,SSMF*,11.00*,2.75*,0.17*,183.4*,0.60*,3.00*,0.50*,0.50*,3VE345_MNE079_(ex NE_0702),,
Venezia-Carpenedo,External,None [Current],No,Yes,Venezia,Carpenedo,No,DWDM-100GHz,No*,None,None,No,Yes,Yes,SSMF,2.5,0.62*,0.08*,41.7*,0.14*,3,0.5,0.5,SSMF*,2.50*,0.62*,0.08*,41.7*,0.14*,3.00*,0.50*,0.50*,MNE0104,,
Venezia-Zelarino,External,None [Current],No,Yes,Venezia,Zelarino,No,DWDM-100GHz,No*,None,None,No,Yes,Yes,SSMF,6,1.50*,0.12*,100.0*,0.33*,3,0.5,0.5,SSMF*,6.00*,1.50*,0.12*,100.0*,0.33*,3.00*,0.50*,0.50*,MNE103,,
VERONA_B_MILANO-VERONA,External,None [Current],No,Yes,VERONA_B_MILANO,VERONA,No,DWDM-100GHz,No*,None,None,No,Yes,Yes,SSMF,4.6,5.00,0.11*,76.7*,0.25*,3,0.01,0.01,SSMF*,4.60*,5.00*,0.11*,76.7*,0.25*,3.00*,0.01*,0.01*,MNE168,,
VERONA_B_MILANO-VR_S_Lucia,External,None [Current],No,Yes,VERONA_B_MILANO,VR_S_Lucia,No,DWDM-100GHz,No*,None,None,No,Yes,No,SSMF,6.2,4.34,0.12*,103.4*,0.34*,3,0.01,0.01,SSMF,6.20,4.57,0.12*,103*,0.34*,3.00,0.01,0.01,MNE169,,
VERONA-S_Michele,External,None [Current],No,Yes,VERONA,S_Michele,No,DWDM-100GHz,No*,None,None,No,Yes,Yes,SSMF,12.6,2.50,0.18*,210.0*,0.69*,3,0.01,0.01,SSMF*,12.60*,2.50*,0.18*,210.0*,0.69*,3.00*,0.01*,0.01*,MNE167,,
Vicenza_Bgo_Padova-Vicenza,External,None [Current],No,Yes,Vicenza_Bgo_Padova,Vicenza,No,DWDM-100GHz,No*,None,None,No,Yes,No,SSMF,2.5,1.58,0.08*,41.7*,0.14*,3,0.5,0.5,SSMF,2.50,2.19,0.08*,42*,0.14*,3.00,0.50,0.50,MNE150,,
Vicenza-Cattane,External,None [Current],No,Yes,Vicenza,Cattane,No,DWDM-100GHz,No*,None,None,No,Yes,Yes,SSMF,2.75,2.00,0.08*,45.8*,0.15*,3,0.5,0.5,SSMF*,2.75*,2.00*,0.08*,45.8*,0.15*,3.00*,0.50*,0.50*,MNE0152,,
Vicenza-Padova New,External,None [Current],No,Yes,Vicenza,Padova_Stanga,No,DWDM-100GHz,No*,None,None,No,Yes,Yes,SSMF,40.5,10.12*,0.32*,675.1*,2.23*,3,0.5,0.5,SSMF*,40.50*,10.12*,0.32*,675.1*,2.23*,3.00*,0.50*,0.50*,MNE155,,
Vicenza-S_Bortolo,External,None [Current],No,Yes,Vicenza,S_Bortolo,No,DWDM-100GHz,No*,None,None,No,Yes,No,SSMF,3,1.80,0.09*,50.0*,0.17*,3,0.5,0.5,SSMF,3.00,2.00,0.09*,50*,0.17*,3.00,0.50,0.50,MNE148,,
Villafranca-Peschiera,External,None [Current],No,Yes,Villafranca,Peschiera,No,DWDM-100GHz,No*,None,None,No,Yes,No,SSMF,28.1,17.57,0.27*,468.4*,1.55*,3,0.01,0.01,SSMF,28.10,14.50,0.27*,468*,1.55*,3.00,0.01,0.01,MNE0157,,
Vipiteno-Bressanone,External,None [Current],No,Yes,Vipiteno,Bressanone,No,DWDM-100GHz,No*,None,None,No,Yes,Yes,SSMF,31.7,7.92*,0.28*,528.4*,1.74*,3,0.5,0.5,SSMF*,31.70*,7.92*,0.28*,528.4*,1.74*,3.00*,0.50*,0.50*,3VE369_MNE583,,
Vittorio_V-Borghetto_C,External,None [Current],No,Yes,Vittorio_V,Borghetto_C,No,DWDM-100GHz,No*,None,None,No,Yes,Yes,ELEAF*,15.58,3.50,0.20*,60.3*,1.31*,3,0.5,0.5,ELEAF*,15.58*,3.50*,0.20*,60.3*,1.31*,3.00*,0.50*,0.50*,3VE219_MNE049,,
VR_B_ROMA-Ca_di_David,External,None [Current],No,Yes,VR_B_ROMA,Ca_di_David,No,DWDM-100GHz,No*,None,None,No,Yes,Yes,SSMF,6.1,1.50,0.12*,101.7*,0.34*,3,0.25,0.25,SSMF*,6.10*,1.50*,0.12*,101.7*,0.34*,3.00*,0.25*,0.25*,3VE058_MNE171,,
VR_B_ROMA-Legnago,External,None [Current],No,Yes,VR_B_ROMA,Legnago,No,DWDM-100GHz,No*,None,None,No,Yes,No,SSMF,55.13,13.36,0.37*,919.0*,3.03*,3,0.5,0.5,SSMF,55.13,12.58,0.37*,919*,3.03*,3.00,0.50,0.50,3VE340_MNE206,,
VR_B_ROMA-S_Michele,External,None [Current],No,Yes,VR_B_ROMA,S_Michele,No,DWDM-100GHz,No*,None,None,No,Yes,No,ELEAF,12.48,3.60,0.18*,48.3*,1.05*,3,0.5,0.5,ELEAF,12.48,3.50,0.18*,48*,1.05*,3.00,0.50,0.50,3VE294_MNE207,,
VR_B_ROMA-VERONA,External,None [Current],No,Yes,VR_B_ROMA,VERONA,No,DWDM-100GHz,No*,None,None,No,Yes,No,SSMF,4,2.00,0.10*,66.7*,0.22*,3,0.5,0.5,SSMF,4.00,3.00,0.10*,67*,0.22*,3.00,0.50,0.50,MNE0170,,
VR_B_ROMA-VR_S_Lucia,External,None [Current],No,Yes,VR_B_ROMA,VR_S_Lucia,No,DWDM-100GHz,No*,None,None,No,Yes,Yes,SSMF,2,1.50,0.07*,33.3*,0.11*,3,0.5,0.5,SSMF*,2.00*,1.50*,0.07*,33.3*,0.11*,3.00*,0.50*,0.50*,MNE0159,,
VR_Borgo_Trento-VR_Borgo_Venezia,External,None [Current],No,Yes,VR_Borgo_Trento,VR_Borgo_Venezia,No,DWDM-100GHz,No*,None,None,No,Yes,No,SSMF,5,12.32,0.11*,83.4*,0.28*,3,0.01,0.01,SSMF,5.00,6.02,0.11*,83*,0.28*,3.00,0.01,0.01,MNE0163,,
VR_Borgo_Venezia-S_Michele,External,None [Current],No,Yes,VR_Borgo_Venezia,S_Michele,No,DWDM-100GHz,No*,None,None,No,Yes,Yes,SSMF,3.2,2.52,0.09*,53.3*,0.18*,3,0.01,0.01,SSMF*,3.20*,2.52*,0.09*,53.3*,0.18*,3.00*,0.01*,0.01*,MNE0174,,
VR_S_Lucia-Villafranca,External,None [Current],No,Yes,VR_S_Lucia,Villafranca,No,DWDM-100GHz,No*,None,None,No,Yes,No,SSMF,14.5,5.22,0.19*,241.7*,0.80*,3,0.01,0.01,SSMF,14.50,4.60,0.19*,242*,0.80*,3.00,0.01,0.01,MNE158,,
Zelarino-Martellago,External,None [Current],No,Yes,Zelarino,Martellago,No,DWDM-100GHz,No*,None,None,No,Yes,Yes,SSMF,8,3.00,0.14*,133.4*,0.44*,3,0.5,0.5,SSMF*,8.00*,3.00*,0.14*,133.4*,0.44*,3.00*,0.50*,0.50*,MNE102,,
